student_id,study_hours_per_week,exercise_hours_per_week,sleep_hours_per_night,screen_hours_per_day,enjoys_group_work,lunch_at_school,favorite_subject_Arts,favorite_subject_Language,favorite_subject_Math,favorite_subject_Other,favorite_subject_Science,lifestyle_profile
S0001,21,1,6.8,4.7,0,0,0,0,1,0,0,Academic_Focused
S0002,10,1,4.6,9.8,0,1,0,1,0,0,0,Screen_Heavy
S0003,15,9,6.6,2.7,0,1,0,0,0,1,0,Sport_Focused
S0004,26,0,7.3,3.9,1,1,0,0,0,0,1,Academic_Focused
S0005,15,3,7.6,6.7,0,1,0,0,1,0,0,Balanced
S0006,24,5,8.8,6.4,1,0,0,0,0,0,1,Balanced
S0007,20,7,6.1,3.5,0,0,0,0,0,1,0,Balanced
S0008,9,1,4.8,7.9,0,0,0,0,0,1,0,Screen_Heavy
S0009,11,9,8.4,4.1,1,1,0,0,1,0,0,Sport_Focused
S0010,12,5,7.2,5.3,1,1,0,0,1,0,0,Sport_Focused
S0011,16,4,7.3,3.9,1,0,0,0,1,0,0,Balanced
S0012,13,2,5.5,8.2,0,0,1,0,0,0,0,Screen_Heavy
S0013,9,3,6.1,7.0,0,1,0,0,0,1,0,Screen_Heavy
S0014,15,5,7.6,5.4,1,1,0,0,1,0,0,Balanced
S0015,14,6,7.4,6.5,0,1,0,1,0,0,0,Balanced
S0016,16,6,7.7,4.9,0,1,1,0,0,0,0,Balanced
S0017,14,7,8.3,4.8,1,0,1,0,0,0,0,Balanced
S0018,25,5,6.7,3.4,0,0,0,0,1,0,0,Academic_Focused
S0019,22,4,6.2,8.0,0,0,0,0,0,0,1,Academic_Focused
S0020,16,6,6.9,5.8,1,1,1,0,0,0,0,Balanced
S0021,21,10,6.3,3.7,1,1,0,0,0,0,1,Sport_Focused
S0022,21,6,6.8,6.3,0,1,0,0,1,0,0,Balanced
S0023,12,2,7.2,3.0,1,1,0,1,0,0,0,Balanced
S0024,25,2,7.3,2.6,0,0,0,1,0,0,0,Academic_Focused
S0025,25,3,8.4,5.9,0,1,0,0,0,0,1,Academic_Focused
S0026,8,9,7.9,2.2,1,0,0,0,1,0,0,Sport_Focused
S0027,13,2,8.2,5.2,1,0,1,0,0,0,0,Balanced
S0028,22,3,7.2,6.3,1,1,0,0,1,0,0,Academic_Focused
S0029,28,8,5.7,2.6,0,0,0,0,1,0,0,Academic_Focused
S0030,26,3,8.2,7.6,0,1,0,0,0,1,0,Balanced
S0031,18,7,7.4,1.0,1,0,0,0,0,1,0,Sport_Focused
S0032,21,5,7.4,2.6,1,1,0,0,1,0,0,Balanced
S0033,12,7,7.5,2.8,1,1,0,0,1,0,0,Balanced
S0034,9,1,6.8,10.7,1,1,1,0,0,0,0,Screen_Heavy
S0035,11,1,6.2,6.4,0,0,1,0,0,0,0,Screen_Heavy
S0036,7,0,5.1,4.8,0,1,0,0,0,1,0,Screen_Heavy
S0037,16,5,8.5,6.3,0,1,0,0,0,0,1,Balanced
S0038,19,3,8.1,5.2,1,0,1,0,0,0,0,Balanced
S0039,20,10,8.2,1.0,1,1,0,0,0,0,1,Sport_Focused
S0040,27,4,7.0,2.5,1,1,0,0,1,0,0,Academic_Focused
S0041,29,4,6.3,6.1,1,0,0,0,1,0,0,Balanced
S0042,22,3,7.8,4.3,1,1,0,0,0,0,1,Academic_Focused
S0043,24,6,7.5,4.5,1,1,0,0,0,0,1,Balanced
S0044,9,3,7.5,10.8,1,1,0,1,0,0,0,Screen_Heavy
S0045,22,8,6.8,4.1,1,1,1,0,0,0,0,Balanced
S0046,15,9,6.4,1.3,1,1,0,0,0,0,1,Sport_Focused
S0047,16,7,7.2,1.6,0,1,1,0,0,0,0,Balanced
S0048,21,4,8.8,1.0,1,1,0,0,1,0,0,Academic_Focused
S0049,27,5,7.0,1.4,1,1,0,0,0,0,1,Academic_Focused
S0050,19,3,7.2,5.8,0,1,0,0,0,1,0,Balanced
S0051,18,4,6.1,5.4,1,1,0,1,0,0,0,Screen_Heavy
S0052,16,12,7.3,3.9,1,0,0,0,0,1,0,Sport_Focused
S0053,10,0,6.5,8.8,0,1,0,0,0,1,0,Screen_Heavy
S0054,13,1,6.7,3.2,0,0,1,0,0,0,0,Screen_Heavy
S0055,30,2,7.3,7.0,1,0,0,1,0,0,0,Academic_Focused
S0056,15,2,6.4,10.0,0,1,1,0,0,0,0,Screen_Heavy
S0057,26,5,8.1,6.7,0,0,0,0,0,0,1,Balanced
S0058,23,3,8.4,5.2,0,0,0,1,0,0,0,Balanced
S0059,21,6,7.1,5.6,0,0,0,0,0,1,0,Balanced
S0060,16,6,8.4,4.0,1,1,1,0,0,0,0,Balanced
S0061,25,3,7.0,5.2,1,0,0,0,1,0,0,Academic_Focused
S0062,17,5,7.4,3.9,0,1,1,0,0,0,0,Balanced
S0063,8,1,6.5,7.3,0,1,0,0,0,1,0,Screen_Heavy
S0064,23,0,6.5,5.2,0,0,0,0,0,0,1,Academic_Focused
S0065,26,7,6.0,7.7,1,1,1,0,0,0,0,Balanced
S0066,22,6,7.4,5.6,0,1,0,0,1,0,0,Academic_Focused
S0067,21,7,8.0,5.3,1,0,0,0,0,0,1,Balanced
S0068,9,2,7.4,8.4,0,1,1,0,0,0,0,Screen_Heavy
S0069,20,5,7.1,5.5,1,0,0,0,0,0,1,Balanced
S0070,7,3,6.9,7.3,1,1,0,1,0,0,0,Screen_Heavy
S0071,24,7,6.0,3.5,1,1,0,0,0,1,0,Sport_Focused
S0072,17,6,6.2,7.0,1,1,0,0,0,0,1,Balanced
S0073,17,6,8.1,7.4,1,1,0,0,0,0,1,Balanced
S0074,11,1,8.5,6.0,1,0,0,1,0,0,0,Screen_Heavy
S0075,16,11,7.7,2.5,0,0,0,0,0,0,1,Sport_Focused
S0076,12,10,7.3,4.2,0,1,0,0,0,1,0,Sport_Focused
S0077,14,11,7.0,2.4,0,1,0,0,0,0,1,Sport_Focused
S0078,12,2,7.3,3.1,1,1,0,0,0,1,0,Balanced
S0079,29,7,8.3,5.6,0,1,0,0,0,0,1,Academic_Focused
S0080,19,7,6.9,4.0,1,1,0,1,0,0,0,Balanced
S0081,10,0,6.4,11.3,0,0,0,1,0,0,0,Screen_Heavy
S0082,15,8,6.7,2.6,1,0,0,0,0,0,1,Sport_Focused
S0083,14,5,7.8,6.7,0,0,1,0,0,0,0,Balanced
S0084,23,3,7.1,5.1,0,1,0,0,0,0,1,Balanced
S0085,11,4,7.1,6.9,0,1,0,0,0,0,1,Balanced
S0086,17,8,6.2,7.3,1,1,0,1,0,0,0,Balanced
S0087,13,9,6.5,4.2,1,1,0,0,1,0,0,Sport_Focused
S0088,17,8,7.1,4.2,0,1,0,0,1,0,0,Sport_Focused
S0089,6,3,7.7,8.7,1,1,1,0,0,0,0,Screen_Heavy
S0090,20,4,7.6,3.1,1,1,0,0,0,0,1,Academic_Focused
S0091,26,5,7.3,4.0,0,1,0,1,0,0,0,Balanced
S0092,24,7,7.4,2.5,1,1,0,0,0,0,1,Sport_Focused
S0093,8,11,7.0,4.6,1,1,0,0,0,1,0,Sport_Focused
S0094,32,2,5.6,7.4,0,1,0,0,1,0,0,Academic_Focused
S0095,21,7,6.6,3.8,1,1,0,0,0,0,1,Sport_Focused
S0096,19,6,7.5,3.3,1,1,0,0,1,0,0,Academic_Focused
S0097,29,4,7.7,3.0,0,1,0,0,0,0,1,Academic_Focused
S0098,24,4,8.2,8.9,1,0,0,0,0,0,1,Academic_Focused
S0099,16,4,7.5,4.7,1,1,0,1,0,0,0,Balanced
S0100,21,8,8.4,4.3,1,0,0,0,0,0,1,Balanced
S0101,16,6,8.0,4.6,0,1,1,0,0,0,0,Balanced
S0102,22,10,7.6,2.3,1,1,0,0,0,1,0,Sport_Focused
S0103,21,2,8.1,3.5,1,0,0,0,0,1,0,Balanced
S0104,20,3,6.8,4.4,0,1,0,0,1,0,0,Academic_Focused
S0105,13,0,7.1,10.3,0,1,1,0,0,0,0,Screen_Heavy
S0106,8,5,7.3,5.4,0,1,0,0,0,0,1,Balanced
S0107,25,9,7.2,7.7,0,1,0,0,0,0,1,Academic_Focused
S0108,17,7,7.8,5.0,1,1,0,0,1,0,0,Sport_Focused
S0109,17,4,7.5,5.2,0,1,1,0,0,0,0,Balanced
S0110,14,3,8.2,2.7,1,1,0,0,1,0,0,Balanced
S0111,15,2,7.4,4.1,1,1,0,0,0,1,0,Balanced
S0112,16,6,7.9,6.0,1,1,0,0,0,1,0,Balanced
S0113,11,2,6.5,6.5,0,1,0,1,0,0,0,Screen_Heavy
S0114,14,4,5.0,6.1,1,1,0,1,0,0,0,Screen_Heavy
S0115,11,6,7.6,3.6,1,0,0,0,1,0,0,Sport_Focused
S0116,8,2,7.8,10.7,1,0,1,0,0,0,0,Screen_Heavy
S0117,13,0,7.2,11.1,1,0,0,1,0,0,0,Screen_Heavy
S0118,20,6,7.7,3.0,1,1,0,0,0,0,1,Balanced
S0119,12,2,7.1,8.1,0,0,0,1,0,0,0,Screen_Heavy
S0120,28,1,8.2,4.0,0,0,0,0,1,0,0,Academic_Focused
S0121,11,2,4.2,9.2,1,1,0,0,0,1,0,Screen_Heavy
S0122,6,3,7.3,9.0,0,1,0,1,0,0,0,Screen_Heavy
S0123,17,6,6.7,4.4,0,0,0,0,1,0,0,Balanced
S0124,20,6,6.7,5.3,1,0,0,0,0,0,1,Balanced
S0125,22,3,6.7,4.5,1,1,0,1,0,0,0,Balanced
S0126,26,4,6.8,6.9,1,1,0,0,0,0,1,Academic_Focused
S0127,18,1,6.1,9.7,1,1,1,0,0,0,0,Screen_Heavy
S0128,10,1,6.1,10.9,1,1,1,0,0,0,0,Screen_Heavy
S0129,21,6,7.8,6.5,0,0,0,1,0,0,0,Balanced
S0130,32,0,7.6,2.3,0,1,0,0,1,0,0,Academic_Focused
S0131,27,4,6.0,6.9,1,0,0,0,1,0,0,Academic_Focused
S0132,19,1,7.7,5.3,0,1,1,0,0,0,0,Balanced
S0133,14,6,6.9,5.8,1,1,1,0,0,0,0,Balanced
S0134,18,8,7.3,5.6,0,1,0,0,0,0,1,Balanced
S0135,7,0,6.1,6.7,1,1,0,1,0,0,0,Screen_Heavy
S0136,18,5,7.8,5.5,0,1,0,1,0,0,0,Balanced
S0137,14,3,7.2,5.8,1,1,0,0,0,0,1,Academic_Focused
S0138,11,7,6.9,4.5,0,1,0,0,0,0,1,Sport_Focused
S0139,24,3,8.8,1.8,0,1,0,0,0,0,1,Academic_Focused
S0140,11,5,6.8,8.8,1,0,0,0,0,1,0,Screen_Heavy
S0141,5,2,5.9,7.9,0,1,0,1,0,0,0,Screen_Heavy
S0142,21,1,7.1,5.3,1,1,0,0,0,0,1,Balanced
S0143,22,3,7.5,7.0,1,1,0,0,0,0,1,Academic_Focused
S0144,20,5,8.2,4.4,1,1,0,0,1,0,0,Balanced
S0145,11,9,8.2,9.1,0,1,0,0,0,0,1,Balanced
S0146,15,8,6.8,7.0,1,1,0,0,0,1,0,Balanced
S0147,21,7,7.6,5.2,1,0,0,0,0,1,0,Sport_Focused
S0148,30,0,7.3,1.5,0,0,0,1,0,0,0,Academic_Focused
S0149,26,8,7.4,3.4,0,1,0,0,0,0,1,Balanced
S0150,27,6,7.0,6.1,0,1,0,0,0,1,0,Balanced
S0151,14,3,6.4,10.6,0,0,0,0,0,1,0,Screen_Heavy
S0152,16,4,6.5,4.6,0,1,0,0,0,1,0,Balanced
S0153,18,4,7.9,4.5,1,1,0,1,0,0,0,Balanced
S0154,22,4,7.5,5.2,0,0,0,0,0,0,1,Academic_Focused
S0155,20,0,5.6,5.7,0,1,0,0,0,1,0,Screen_Heavy
S0156,14,7,7.5,3.3,1,0,0,0,0,0,1,Balanced
S0157,22,12,8.6,2.8,1,0,0,0,0,0,1,Sport_Focused
S0158,14,9,6.6,3.7,0,0,0,0,0,1,0,Sport_Focused
S0159,21,8,7.5,4.0,1,1,0,0,0,0,1,Balanced
S0160,16,9,7.6,2.8,1,0,0,0,0,1,0,Sport_Focused
S0161,24,6,6.1,8.5,1,1,0,1,0,0,0,Academic_Focused
S0162,14,5,8.6,2.8,1,0,0,0,0,1,0,Sport_Focused
S0163,20,9,7.1,3.8,1,0,0,0,0,1,0,Sport_Focused
S0164,26,4,7.6,1.8,0,1,0,0,0,0,1,Academic_Focused
S0165,23,4,7.1,4.0,0,1,0,0,1,0,0,Balanced
S0166,8,2,6.3,6.5,1,1,0,1,0,0,0,Screen_Heavy
S0167,16,4,7.3,4.6,0,1,0,1,0,0,0,Balanced
S0168,20,3,7.2,6.6,0,1,1,0,0,0,0,Balanced
S0169,16,6,8.0,4.4,0,1,0,0,0,0,1,Balanced
S0170,25,1,6.5,6.0,1,0,0,0,1,0,0,Academic_Focused
S0171,16,8,8.4,2.4,1,1,0,0,0,0,1,Sport_Focused
S0172,19,5,6.9,5.9,0,1,0,0,0,1,0,Balanced
S0173,25,0,7.0,7.4,0,0,0,0,1,0,0,Academic_Focused
S0174,11,3,8.4,4.6,0,1,0,0,0,1,0,Balanced
S0175,15,11,7.3,5.0,0,1,0,0,0,1,0,Sport_Focused
S0176,19,5,6.0,4.6,1,1,0,0,0,1,0,Balanced
S0177,12,10,8.2,2.2,1,1,0,0,1,0,0,Sport_Focused
S0178,26,0,8.8,5.2,0,1,0,0,0,0,1,Academic_Focused
S0179,5,1,6.8,4.7,1,0,0,1,0,0,0,Screen_Heavy
S0180,19,6,7.9,6.5,0,0,0,0,0,0,1,Balanced
S0181,17,6,7.4,7.8,1,1,0,1,0,0,0,Balanced
S0182,28,5,7.5,6.3,1,1,0,0,0,1,0,Balanced
S0183,15,2,5.3,7.4,0,1,0,1,0,0,0,Screen_Heavy
S0184,7,1,7.5,7.0,0,0,0,1,0,0,0,Screen_Heavy
S0185,21,3,7.9,5.2,1,1,0,0,0,0,1,Balanced
S0186,14,7,6.5,2.5,1,1,0,0,0,0,1,Sport_Focused
S0187,17,4,6.0,6.2,0,1,1,0,0,0,0,Screen_Heavy
S0188,24,4,8.4,3.0,1,0,0,0,0,0,1,Academic_Focused
S0189,22,2,7.6,3.1,0,0,0,0,1,0,0,Academic_Focused
S0190,18,6,7.2,4.4,1,1,1,0,0,0,0,Balanced
S0191,19,6,7.0,4.2,1,0,0,0,0,1,0,Balanced
S0192,14,2,7.2,6.1,1,1,0,0,0,1,0,Screen_Heavy
S0193,7,2,7.8,7.1,0,0,0,0,0,1,0,Screen_Heavy
S0194,15,5,7.7,2.4,1,1,0,0,0,1,0,Sport_Focused
S0195,11,8,7.3,4.8,0,0,1,0,0,0,0,Balanced
S0196,19,8,7.9,5.4,1,1,0,0,0,0,1,Balanced
S0197,18,7,7.1,3.1,1,0,0,0,1,0,0,Sport_Focused
S0198,14,4,6.2,9.0,0,1,0,0,0,1,0,Screen_Heavy
S0199,8,0,5.9,9.5,1,1,0,1,0,0,0,Screen_Heavy
S0200,11,8,7.9,4.0,1,0,0,0,0,1,0,Sport_Focused
S0201,10,8,7.2,5.1,1,1,0,0,0,1,0,Sport_Focused
S0202,24,6,7.1,6.3,1,1,0,1,0,0,0,Balanced
S0203,25,2,7.4,5.6,0,1,0,1,0,0,0,Balanced
S0204,9,2,5.7,7.6,0,1,1,0,0,0,0,Screen_Heavy
S0205,18,4,8.2,3.0,1,1,0,0,0,1,0,Sport_Focused
S0206,17,3,8.5,3.7,1,1,0,0,0,1,0,Balanced
S0207,19,4,7.4,4.2,1,1,1,0,0,0,0,Balanced
S0208,11,6,6.1,2.5,1,1,0,0,0,0,1,Sport_Focused
S0209,13,1,7.7,6.1,1,0,0,0,0,0,1,Balanced
S0210,7,5,7.7,2.6,1,1,0,0,1,0,0,Balanced
S0211,25,4,6.4,6.6,0,1,0,0,0,0,1,Academic_Focused
S0212,12,10,8.5,5.1,1,1,0,0,1,0,0,Sport_Focused
S0213,10,9,7.8,1.0,1,1,0,0,1,0,0,Sport_Focused
S0214,20,6,7.4,3.9,1,1,0,0,1,0,0,Balanced
S0215,15,8,6.9,2.2,1,0,0,0,0,0,1,Sport_Focused
S0216,16,2,7.1,6.6,1,0,0,0,0,0,1,Balanced
S0217,11,6,6.9,6.4,1,0,1,0,0,0,0,Balanced
S0218,12,7,7.4,2.2,0,1,0,0,0,0,1,Sport_Focused
S0219,3,7,6.9,1.1,1,0,0,0,1,0,0,Sport_Focused
S0220,8,3,6.1,6.6,1,1,0,1,0,0,0,Screen_Heavy
S0221,15,7,6.9,4.4,1,0,0,0,1,0,0,Sport_Focused
S0222,21,1,6.0,3.0,0,0,0,0,0,0,1,Academic_Focused
S0223,14,4,7.0,7.0,1,1,0,0,0,0,1,Balanced
S0224,26,0,7.9,2.6,0,0,0,0,0,0,1,Academic_Focused
S0225,11,1,8.4,6.7,1,1,0,0,0,1,0,Balanced
S0226,19,3,6.5,5.2,0,1,0,0,1,0,0,Balanced
S0227,13,1,7.0,7.2,1,1,0,1,0,0,0,Screen_Heavy
S0228,23,5,7.6,7.4,0,1,0,0,0,0,1,Academic_Focused
S0229,14,1,7.1,5.9,0,1,0,1,0,0,0,Screen_Heavy
S0230,19,9,7.3,1.0,1,1,0,0,0,1,0,Sport_Focused
S0231,14,7,7.5,3.1,1,1,0,0,1,0,0,Sport_Focused
S0232,26,3,8.1,7.9,1,1,0,0,0,0,1,Academic_Focused
S0233,28,3,6.3,3.4,1,1,0,0,0,0,1,Academic_Focused
S0234,25,3,7.8,6.3,1,1,0,1,0,0,0,Academic_Focused
S0235,21,3,8.2,7.6,1,1,1,0,0,0,0,Balanced
S0236,11,7,7.6,4.5,1,0,0,0,0,0,1,Sport_Focused
S0237,14,8,8.2,5.2,0,1,0,1,0,0,0,Balanced
S0238,16,7,7.2,3.0,1,1,0,0,1,0,0,Balanced
S0239,15,9,8.1,3.6,1,1,0,0,0,1,0,Sport_Focused
S0240,15,2,8.2,6.7,0,0,0,0,0,1,0,Balanced
S0241,7,3,5.2,8.9,1,1,0,0,0,1,0,Screen_Heavy
S0242,13,4,5.9,10.1,0,1,1,0,0,0,0,Screen_Heavy
S0243,15,6,5.7,5.9,0,0,0,1,0,0,0,Screen_Heavy
S0244,25,4,7.3,3.6,1,1,0,0,0,0,1,Academic_Focused
S0245,14,6,7.5,5.6,0,1,1,0,0,0,0,Balanced
S0246,5,2,6.9,11.6,0,1,0,1,0,0,0,Screen_Heavy
S0247,21,5,6.3,7.3,0,0,0,0,0,0,1,Academic_Focused
S0248,8,1,6.8,8.2,1,1,0,1,0,0,0,Screen_Heavy
S0249,12,1,5.6,4.6,0,1,0,1,0,0,0,Screen_Heavy
S0250,7,5,6.1,8.4,0,0,0,0,0,1,0,Screen_Heavy
S0251,18,3,8.4,7.7,1,1,0,1,0,0,0,Balanced
S0252,27,2,8.5,6.4,0,0,0,1,0,0,0,Academic_Focused
S0253,7,2,7.2,8.3,1,1,0,1,0,0,0,Screen_Heavy
S0254,26,2,7.8,7.2,1,0,1,0,0,0,0,Balanced
S0255,17,6,6.9,4.1,1,0,0,0,0,1,0,Balanced
S0256,27,1,6.9,3.0,0,1,0,0,0,0,1,Academic_Focused
S0257,16,2,6.0,9.7,1,1,0,1,0,0,0,Screen_Heavy
S0258,16,7,7.4,4.7,1,0,0,0,0,0,1,Sport_Focused
S0259,26,5,7.8,2.9,0,0,0,0,0,0,1,Academic_Focused
S0260,12,8,7.5,5.9,1,1,1,0,0,0,0,Balanced
S0261,17,9,8.0,2.7,1,1,0,0,1,0,0,Sport_Focused
S0262,12,1,6.9,5.1,0,0,0,1,0,0,0,Screen_Heavy
S0263,15,4,7.4,5.0,1,1,0,1,0,0,0,Balanced
S0264,26,5,7.1,1.3,1,0,0,0,0,0,1,Academic_Focused
S0265,8,2,6.4,7.8,0,1,0,1,0,0,0,Screen_Heavy
S0266,19,4,8.2,5.6,1,1,0,0,1,0,0,Sport_Focused
S0267,11,7,8.4,4.5,1,1,0,0,0,0,1,Sport_Focused
S0268,17,7,7.8,6.4,0,1,0,0,1,0,0,Sport_Focused
S0269,30,2,7.0,4.1,1,0,0,0,1,0,0,Academic_Focused
S0270,20,4,8.2,3.7,0,1,1,0,0,0,0,Balanced
S0271,8,5,7.3,11.1,1,0,1,0,0,0,0,Screen_Heavy
S0272,12,4,5.7,7.6,1,0,1,0,0,0,0,Screen_Heavy
S0273,13,4,6.4,9.0,0,1,0,1,0,0,0,Screen_Heavy
S0274,8,3,6.0,7.9,1,1,1,0,0,0,0,Screen_Heavy
S0275,25,0,6.9,1.9,0,1,0,0,1,0,0,Academic_Focused
S0276,23,1,7.6,3.7,1,1,0,0,1,0,0,Academic_Focused
S0277,16,6,7.0,5.6,1,1,0,0,0,0,1,Sport_Focused
S0278,11,8,6.5,4.7,0,1,0,0,1,0,0,Sport_Focused
S0279,12,6,7.3,2.9,1,1,0,0,0,1,0,Sport_Focused
S0280,12,8,7.3,4.1,0,1,0,0,0,1,0,Sport_Focused
S0281,4,4,6.2,9.6,1,1,0,1,0,0,0,Screen_Heavy
S0282,22,8,7.6,5.2,0,0,0,0,0,1,0,Balanced
S0283,28,2,6.8,4.9,1,1,0,0,1,0,0,Academic_Focused
S0284,13,7,8.0,6.2,0,1,0,0,0,0,1,Balanced
S0285,19,0,6.7,2.2,1,1,0,0,1,0,0,Academic_Focused
S0286,24,7,6.9,4.4,0,1,0,1,0,0,0,Balanced
S0287,19,2,7.4,2.7,1,0,0,1,0,0,0,Academic_Focused
S0288,24,4,6.9,4.9,1,1,0,0,1,0,0,Academic_Focused
S0289,15,3,7.7,5.3,0,0,0,0,0,1,0,Balanced
S0290,27,1,7.1,4.7,0,1,0,0,1,0,0,Academic_Focused
S0291,17,4,7.7,5.5,0,1,0,1,0,0,0,Balanced
S0292,21,6,7.4,5.5,0,1,0,1,0,0,0,Balanced
S0293,11,1,7.7,10.7,0,1,0,1,0,0,0,Screen_Heavy
S0294,27,5,6.1,7.4,1,0,0,0,0,0,1,Academic_Focused
S0295,17,6,8.6,4.6,1,0,0,0,0,1,0,Balanced
S0296,24,1,7.1,4.4,1,0,0,0,0,0,1,Academic_Focused
S0297,19,7,6.9,3.0,1,1,0,0,0,0,1,Sport_Focused
S0298,13,2,5.9,6.4,1,1,0,0,0,1,0,Balanced
S0299,14,7,5.9,1.4,1,1,0,0,0,1,0,Sport_Focused
S0300,20,7,7.2,4.0,0,0,0,0,0,0,1,Balanced
S0301,21,4,8.2,2.1,1,1,0,0,1,0,0,Balanced
S0302,22,4,7.2,4.3,1,1,0,0,1,0,0,Academic_Focused
S0303,31,0,6.6,4.7,0,1,0,0,1,0,0,Academic_Focused
S0304,20,7,7.1,1.0,1,0,0,0,1,0,0,Sport_Focused
S0305,16,8,7.7,3.5,1,0,0,0,0,1,0,Sport_Focused
S0306,6,4,7.0,6.9,0,1,0,1,0,0,0,Screen_Heavy
S0307,22,1,5.8,4.9,1,0,0,0,1,0,0,Academic_Focused
S0308,10,5,7.4,4.5,1,0,0,0,1,0,0,Balanced
S0309,16,9,6.9,1.7,0,0,0,0,0,0,1,Sport_Focused
S0310,25,5,7.4,3.3,1,0,0,0,0,0,1,Balanced
S0311,24,3,6.3,2.0,1,1,0,0,1,0,0,Academic_Focused
S0312,14,6,7.5,2.0,0,1,0,0,1,0,0,Balanced
S0313,17,4,7.2,4.9,1,0,0,0,0,0,1,Balanced
S0314,14,4,6.5,11.8,0,1,0,0,0,1,0,Screen_Heavy
S0315,16,2,7.6,10.8,0,0,1,0,0,0,0,Screen_Heavy
S0316,17,8,7.6,5.4,0,0,0,0,1,0,0,Sport_Focused
S0317,27,7,6.7,1.0,0,0,0,1,0,0,0,Academic_Focused
S0318,21,10,8.0,6.5,0,1,0,1,0,0,0,Balanced
S0319,17,7,6.8,6.7,0,1,0,0,0,0,1,Balanced
S0320,19,2,7.6,2.9,0,1,0,0,0,1,0,Balanced
S0321,23,5,7.1,2.1,0,1,0,0,0,0,1,Academic_Focused
S0322,13,8,7.7,4.4,1,0,0,0,0,0,1,Sport_Focused
S0323,26,8,7.1,3.7,1,0,0,0,0,0,1,Sport_Focused
S0324,18,3,6.8,6.3,1,1,0,0,1,0,0,Balanced
S0325,11,3,7.1,9.2,1,1,0,1,0,0,0,Screen_Heavy
S0326,21,9,7.8,4.1,1,1,0,0,0,0,1,Sport_Focused
S0327,31,2,7.9,1.2,0,1,0,0,1,0,0,Academic_Focused
S0328,19,6,6.6,3.4,0,1,0,0,0,1,0,Sport_Focused
S0329,29,3,8.3,4.4,0,1,0,0,1,0,0,Academic_Focused
S0330,22,6,6.8,5.3,0,0,0,1,0,0,0,Balanced
S0331,24,5,7.3,3.6,0,1,0,0,0,0,1,Academic_Focused
S0332,16,10,6.9,2.6,1,0,0,0,1,0,0,Sport_Focused
S0333,17,4,6.8,6.4,1,1,0,1,0,0,0,Balanced
S0334,13,6,7.9,2.2,0,0,0,0,0,0,1,Balanced
S0335,19,5,6.5,5.3,0,0,0,0,1,0,0,Balanced
S0336,18,8,8.1,6.5,0,0,0,0,1,0,0,Balanced
S0337,12,4,7.0,5.9,0,1,1,0,0,0,0,Screen_Heavy
S0338,16,4,7.8,2.7,1,1,0,0,0,0,1,Sport_Focused
S0339,18,2,5.6,5.5,0,1,0,1,0,0,0,Academic_Focused
S0340,10,4,8.5,5.5,1,1,0,1,0,0,0,Balanced
S0341,20,4,5.1,2.7,1,1,0,0,1,0,0,Academic_Focused
S0342,25,0,6.3,4.4,1,1,0,0,1,0,0,Academic_Focused
S0343,18,4,7.2,6.0,1,0,0,0,1,0,0,Balanced
S0344,30,0,7.8,1.0,1,0,0,1,0,0,0,Academic_Focused
S0345,26,5,5.7,4.3,0,1,0,0,0,0,1,Academic_Focused
S0346,12,6,6.9,3.2,1,1,0,0,0,0,1,Sport_Focused
S0347,11,7,6.9,3.6,0,1,0,0,0,1,0,Sport_Focused
S0348,20,7,7.3,6.4,0,1,1,0,0,0,0,Balanced
S0349,27,1,6.4,1.7,0,1,0,1,0,0,0,Academic_Focused
S0350,19,5,7.3,1.9,1,0,0,0,0,0,1,Sport_Focused
S0351,19,2,7.8,3.6,0,0,0,0,1,0,0,Academic_Focused
S0352,12,3,5.3,6.2,0,1,0,1,0,0,0,Screen_Heavy
S0353,11,9,7.1,1.0,1,1,0,0,0,1,0,Sport_Focused
S0354,20,2,7.0,2.6,1,0,0,1,0,0,0,Balanced
S0355,17,4,6.6,4.2,1,1,0,0,0,1,0,Balanced
S0356,20,6,8.4,1.2,0,1,0,0,1,0,0,Sport_Focused
S0357,17,1,7.2,3.4,1,0,0,1,0,0,0,Balanced
S0358,26,1,6.4,7.6,0,1,0,0,0,0,1,Academic_Focused
S0359,14,4,6.4,7.2,1,0,0,0,0,1,0,Screen_Heavy
S0360,27,6,7.3,4.6,0,0,0,0,1,0,0,Academic_Focused
S0361,23,3,7.0,6.3,0,0,0,0,1,0,0,Academic_Focused
S0362,17,7,7.1,3.6,1,1,0,0,0,1,0,Sport_Focused
S0363,23,5,6.8,3.5,0,1,0,0,1,0,0,Academic_Focused
S0364,23,1,6.9,5.0,0,0,0,1,0,0,0,Academic_Focused
S0365,17,1,6.7,7.0,1,1,0,1,0,0,0,Screen_Heavy
S0366,23,4,8.6,2.6,1,1,0,0,1,0,0,Academic_Focused
S0367,12,2,7.5,3.1,1,0,1,0,0,0,0,Screen_Heavy
S0368,14,0,4.1,9.1,0,1,0,1,0,0,0,Screen_Heavy
S0369,14,3,7.6,4.1,1,1,0,0,1,0,0,Balanced
S0370,25,5,6.6,4.0,0,0,0,0,1,0,0,Balanced
S0371,17,5,7.3,2.5,0,0,1,0,0,0,0,Balanced
S0372,18,5,7.3,4.1,0,1,0,0,0,0,1,Balanced
S0373,16,6,6.6,3.2,1,1,1,0,0,0,0,Balanced
S0374,21,8,8.3,2.0,0,1,0,0,0,0,1,Sport_Focused
S0375,16,4,8.2,5.1,0,0,0,1,0,0,0,Balanced
S0376,17,2,7.6,5.9,1,1,1,0,0,0,0,Balanced
S0377,8,3,5.9,5.5,0,1,0,0,0,1,0,Screen_Heavy
S0378,26,6,8.1,3.6,0,0,1,0,0,0,0,Balanced
S0379,10,4,6.6,11.0,0,1,1,0,0,0,0,Screen_Heavy
S0380,17,7,7.4,5.0,1,1,0,0,0,0,1,Balanced
S0381,17,7,7.2,4.5,1,1,0,0,0,0,1,Balanced
S0382,12,6,6.9,4.9,0,1,0,0,0,1,0,Sport_Focused
S0383,14,10,6.4,2.7,1,1,0,0,0,1,0,Sport_Focused
S0384,11,1,6.1,6.7,0,1,1,0,0,0,0,Screen_Heavy
S0385,16,8,6.8,3.2,0,0,0,0,0,1,0,Sport_Focused
S0386,11,1,4.6,11.6,1,1,0,1,0,0,0,Screen_Heavy
S0387,19,2,7.0,5.8,0,1,0,0,0,0,1,Balanced
S0388,18,2,6.9,4.2,1,1,1,0,0,0,0,Balanced
S0389,17,9,7.6,3.0,0,1,0,0,0,1,0,Sport_Focused
S0390,11,4,6.0,12.2,1,1,1,0,0,0,0,Screen_Heavy
S0391,3,1,5.6,8.3,0,1,1,0,0,0,0,Screen_Heavy
S0392,16,7,7.2,2.4,0,1,0,1,0,0,0,Academic_Focused
S0393,23,2,6.5,1.1,0,0,0,1,0,0,0,Academic_Focused
S0394,16,7,8.0,1.5,0,1,0,0,0,0,1,Sport_Focused
S0395,22,7,7.8,6.6,1,1,0,0,1,0,0,Balanced
S0396,13,3,5.4,8.8,1,0,0,1,0,0,0,Screen_Heavy
S0397,10,4,5.9,4.9,1,0,0,0,0,1,0,Screen_Heavy
S0398,29,4,7.6,6.1,1,1,0,0,1,0,0,Academic_Focused
S0399,17,7,8.2,3.5,1,1,0,0,0,1,0,Sport_Focused
S0400,14,9,8.7,2.6,1,1,0,0,0,0,1,Sport_Focused
S0401,18,9,8.5,7.0,1,0,0,0,0,1,0,Balanced
S0402,5,3,6.1,7.0,0,1,0,1,0,0,0,Screen_Heavy
S0403,25,2,6.6,6.0,0,1,0,0,1,0,0,Academic_Focused
S0404,13,4,7.7,9.0,1,1,1,0,0,0,0,Screen_Heavy
S0405,20,3,6.8,5.7,0,1,0,0,0,1,0,Balanced
S0406,13,3,7.0,8.9,0,0,0,1,0,0,0,Screen_Heavy
S0407,25,2,7.4,2.4,1,0,0,0,1,0,0,Academic_Focused
S0408,16,4,7.5,7.4,0,1,0,1,0,0,0,Balanced
S0409,13,5,5.9,10.2,1,1,1,0,0,0,0,Screen_Heavy
S0410,14,2,6.5,5.6,1,1,0,1,0,0,0,Balanced
S0411,13,6,8.6,5.7,1,1,1,0,0,0,0,Balanced
S0412,8,4,6.9,13.4,1,1,1,0,0,0,0,Screen_Heavy
S0413,13,3,5.8,8.2,1,1,0,1,0,0,0,Screen_Heavy
S0414,22,2,7.3,1.0,0,1,0,0,1,0,0,Academic_Focused
S0415,15,8,6.9,4.6,0,1,0,0,0,0,1,Sport_Focused
S0416,26,4,6.6,1.0,1,1,0,0,1,0,0,Academic_Focused
S0417,21,5,7.2,8.4,1,1,0,0,0,0,1,Balanced
S0418,14,7,8.4,2.9,1,0,0,0,1,0,0,Balanced
S0419,18,8,8.5,2.2,1,1,0,0,0,0,1,Sport_Focused
S0420,15,8,6.6,3.7,1,1,0,0,0,1,0,Sport_Focused
S0421,9,4,8.6,3.7,1,1,0,0,0,1,0,Sport_Focused
S0422,17,6,8.0,4.5,1,1,0,0,0,0,1,Sport_Focused
S0423,19,5,8.3,3.9,0,0,0,1,0,0,0,Balanced
S0424,30,2,7.6,4.5,0,1,0,0,1,0,0,Academic_Focused
S0425,15,4,7.0,6.7,1,0,0,0,0,0,1,Balanced
S0426,24,5,6.6,4.8,1,1,0,0,1,0,0,Academic_Focused
S0427,24,3,8.2,2.8,0,0,0,0,1,0,0,Academic_Focused
S0428,5,3,7.0,5.4,1,0,0,0,0,1,0,Screen_Heavy
S0429,23,7,6.0,3.9,1,1,0,0,0,0,1,Academic_Focused
S0430,29,4,8.5,4.4,0,1,0,1,0,0,0,Balanced
S0431,15,3,7.4,6.9,1,1,0,0,0,0,1,Balanced
S0432,14,6,7.6,2.3,0,1,0,0,1,0,0,Sport_Focused
S0433,18,8,7.1,6.0,1,1,0,0,1,0,0,Sport_Focused
S0434,21,2,7.8,3.4,1,0,0,1,0,0,0,Balanced
S0435,18,3,7.5,4.5,1,0,0,1,0,0,0,Balanced
S0436,17,10,7.4,4.5,0,1,0,0,0,0,1,Sport_Focused
S0437,19,5,8.3,6.2,1,0,0,0,1,0,0,Balanced
S0438,6,2,6.6,5.7,1,1,0,1,0,0,0,Screen_Heavy
S0439,10,7,7.2,4.4,0,0,0,0,1,0,0,Sport_Focused
S0440,19,2,7.7,4.8,0,1,0,0,0,1,0,Balanced
S0441,21,3,6.5,6.6,1,1,1,0,0,0,0,Balanced
S0442,11,1,7.8,8.0,1,1,1,0,0,0,0,Screen_Heavy
S0443,26,5,6.4,4.1,1,0,0,0,0,0,1,Academic_Focused
S0444,25,4,8.1,3.4,0,1,0,0,1,0,0,Academic_Focused
S0445,14,2,6.3,7.2,1,1,0,0,0,1,0,Screen_Heavy
S0446,4,4,6.0,9.4,1,0,1,0,0,0,0,Screen_Heavy
S0447,6,2,5.6,7.5,0,1,0,0,0,1,0,Screen_Heavy
S0448,18,8,6.1,4.7,1,1,0,0,0,1,0,Sport_Focused
S0449,26,4,5.8,2.0,0,0,0,0,1,0,0,Academic_Focused
S0450,10,5,7.3,4.4,1,1,0,0,0,1,0,Balanced
S0451,9,7,7.9,4.1,1,1,0,0,0,0,1,Sport_Focused
S0452,20,1,7.0,1.3,0,1,0,0,1,0,0,Academic_Focused
S0453,25,0,7.7,2.1,0,1,0,1,0,0,0,Academic_Focused
S0454,12,3,6.9,7.1,1,1,1,0,0,0,0,Screen_Heavy
S0455,12,5,8.4,5.8,0,1,0,1,0,0,0,Balanced
S0456,29,6,6.7,4.3,1,0,0,0,1,0,0,Academic_Focused
S0457,18,8,7.0,4.3,1,1,0,1,0,0,0,Balanced
S0458,24,1,7.1,5.2,0,1,0,1,0,0,0,Academic_Focused
S0459,19,6,7.5,3.1,0,1,0,0,0,0,1,Balanced
S0460,15,5,7.1,5.6,1,1,0,0,0,1,0,Balanced
S0461,13,4,6.0,4.5,1,1,0,1,0,0,0,Balanced
S0462,8,7,6.9,2.9,1,1,0,0,0,1,0,Sport_Focused
S0463,20,6,7.2,9.6,1,1,0,0,0,0,1,Sport_Focused
S0464,22,3,6.7,3.5,1,1,0,0,1,0,0,Academic_Focused
S0465,6,3,6.6,9.0,0,1,0,1,0,0,0,Screen_Heavy
S0466,17,3,7.5,6.1,0,0,0,1,0,0,0,Academic_Focused
S0467,17,4,9.1,6.2,1,0,0,0,0,0,1,Balanced
S0468,8,0,6.7,6.4,0,1,0,1,0,0,0,Screen_Heavy
S0469,21,5,6.7,5.3,0,1,0,0,0,0,1,Balanced
S0470,3,0,5.6,9.3,0,1,0,1,0,0,0,Screen_Heavy
S0471,16,4,8.1,5.2,1,1,0,1,0,0,0,Balanced
S0472,16,4,6.1,9.1,0,0,0,1,0,0,0,Screen_Heavy
S0473,18,7,8.1,2.9,0,1,0,0,0,0,1,Balanced
S0474,17,4,5.9,5.3,1,1,0,0,0,1,0,Screen_Heavy
S0475,28,5,7.2,1.2,0,1,0,1,0,0,0,Academic_Focused
S0476,9,0,6.4,8.6,0,1,0,0,0,1,0,Screen_Heavy
S0477,14,7,7.3,7.2,0,1,0,1,0,0,0,Balanced
S0478,24,3,7.9,1.0,0,0,0,1,0,0,0,Academic_Focused
S0479,6,0,6.7,5.3,1,0,0,1,0,0,0,Screen_Heavy
S0480,22,3,5.9,1.0,1,0,0,0,0,0,1,Academic_Focused
S0481,9,7,7.0,3.3,1,0,0,0,0,0,1,Sport_Focused
S0482,12,9,8.2,5.6,0,1,0,0,0,1,0,Sport_Focused
S0483,21,5,6.8,7.0,0,1,0,0,1,0,0,Academic_Focused
S0484,17,7,7.6,4.8,1,1,0,0,1,0,0,Sport_Focused
S0485,22,3,7.1,5.5,0,1,0,0,1,0,0,Academic_Focused
S0486,12,4,7.3,10.7,0,0,0,0,0,1,0,Screen_Heavy
S0487,21,4,8.6,3.6,0,0,1,0,0,0,0,Balanced
S0488,18,1,7.1,2.1,1,0,0,0,0,0,1,Balanced
S0489,12,2,6.7,12.2,1,0,0,1,0,0,0,Screen_Heavy
S0490,8,1,6.3,7.6,0,0,0,1,0,0,0,Screen_Heavy
S0491,22,5,7.7,1.0,0,0,0,0,1,0,0,Academic_Focused
S0492,10,8,7.0,4.8,1,1,0,0,1,0,0,Sport_Focused
S0493,20,5,7.7,6.0,0,1,0,1,0,0,0,Balanced
S0494,11,4,7.2,5.2,1,0,0,0,0,0,1,Balanced
S0495,27,1,6.7,3.8,1,0,0,0,1,0,0,Academic_Focused
S0496,28,2,7.0,2.7,0,1,0,0,1,0,0,Academic_Focused
S0497,27,5,7.0,5.6,0,1,0,0,1,0,0,Academic_Focused
S0498,27,4,7.9,5.0,1,1,0,1,0,0,0,Balanced
S0499,7,0,6.2,6.1,1,1,0,1,0,0,0,Screen_Heavy
S0500,10,1,7.0,9.3,0,1,0,0,0,1,0,Screen_Heavy
S0501,17,9,7.5,5.6,0,0,0,0,0,0,1,Sport_Focused
S0502,23,2,7.4,2.8,1,1,0,0,1,0,0,Academic_Focused
S0503,16,7,7.6,6.8,0,1,0,1,0,0,0,Balanced
S0504,13,0,6.4,10.0,1,0,1,0,0,0,0,Screen_Heavy
S0505,15,4,7.6,2.2,1,1,0,0,1,0,0,Sport_Focused
S0506,28,6,7.0,7.1,1,1,0,0,0,1,0,Balanced
S0507,4,4,5.7,9.1,1,1,0,0,0,1,0,Screen_Heavy
S0508,11,4,5.5,7.6,0,1,1,0,0,0,0,Screen_Heavy
S0509,13,2,8.2,8.1,0,1,0,0,0,1,0,Screen_Heavy
S0510,20,6,6.9,2.2,1,1,0,0,0,0,1,Sport_Focused
S0511,5,7,7.7,3.8,1,1,0,0,1,0,0,Sport_Focused
S0512,15,7,7.5,2.9,0,1,0,1,0,0,0,Academic_Focused
S0513,8,2,6.8,12.0,0,1,1,0,0,0,0,Screen_Heavy
S0514,11,0,7.4,9.3,0,1,0,0,0,1,0,Screen_Heavy
S0515,23,3,8.3,4.6,0,1,0,0,1,0,0,Balanced
S0516,27,3,7.2,2.7,0,1,0,0,0,0,1,Balanced
S0517,24,4,7.6,3.6,0,1,0,1,0,0,0,Academic_Focused
S0518,8,3,6.1,6.6,1,1,1,0,0,0,0,Screen_Heavy
S0519,12,0,4.9,6.5,0,1,0,0,0,1,0,Screen_Heavy
S0520,15,6,7.3,3.7,1,1,1,0,0,0,0,Balanced
S0521,26,5,7.3,1.0,0,0,0,0,0,0,1,Academic_Focused
S0522,29,1,7.4,1.0,0,1,0,0,1,0,0,Academic_Focused
S0523,11,4,7.2,10.4,0,1,0,1,0,0,0,Screen_Heavy
S0524,7,4,6.2,4.3,0,1,0,0,0,1,0,Screen_Heavy
S0525,13,1,6.7,8.5,1,1,1,0,0,0,0,Screen_Heavy
S0526,29,2,8.3,1.1,1,0,0,0,1,0,0,Academic_Focused
S0527,24,6,6.3,3.1,0,1,0,0,0,0,1,Academic_Focused
S0528,19,3,7.5,6.7,0,0,0,0,1,0,0,Balanced
S0529,18,3,6.8,5.5,1,1,1,0,0,0,0,Balanced
S0530,7,1,6.1,6.4,0,1,0,0,0,1,0,Screen_Heavy
S0531,9,3,5.7,8.9,1,1,1,0,0,0,0,Screen_Heavy
S0532,9,0,4.9,8.1,0,0,0,0,0,1,0,Screen_Heavy
S0533,11,4,6.1,9.8,1,1,0,1,0,0,0,Screen_Heavy
S0534,25,3,7.0,2.1,1,1,0,0,1,0,0,Academic_Focused
S0535,20,7,7.2,5.9,1,1,0,0,0,0,1,Sport_Focused
S0536,6,2,6.8,9.5,0,0,1,0,0,0,0,Screen_Heavy
S0537,12,1,6.0,6.8,1,1,1,0,0,0,0,Screen_Heavy
S0538,21,5,8.3,2.7,1,1,0,0,0,1,0,Balanced
S0539,29,5,5.5,4.4,1,1,0,1,0,0,0,Academic_Focused
S0540,17,7,8.4,3.6,1,1,0,1,0,0,0,Balanced
S0541,12,2,6.0,8.4,0,1,0,0,0,1,0,Screen_Heavy
S0542,12,5,7.7,1.6,1,1,0,0,0,1,0,Sport_Focused
S0543,22,4,6.7,4.6,1,1,0,0,0,0,1,Balanced
S0544,13,4,7.2,1.7,1,0,0,0,0,0,1,Sport_Focused
S0545,14,9,8.1,3.5,1,1,0,0,0,1,0,Sport_Focused
S0546,22,2,7.1,3.3,1,0,0,0,1,0,0,Academic_Focused
S0547,18,7,7.7,4.9,0,1,0,1,0,0,0,Balanced
S0548,18,10,6.9,3.6,0,0,0,0,0,1,0,Sport_Focused
S0549,26,5,6.2,7.1,0,1,0,0,1,0,0,Academic_Focused
S0550,10,8,7.5,2.5,1,0,0,0,0,0,1,Sport_Focused
S0551,28,0,6.9,4.0,1,1,0,0,1,0,0,Academic_Focused
S0552,7,3,7.3,7.8,1,1,1,0,0,0,0,Screen_Heavy
S0553,17,3,6.8,6.1,0,1,0,0,0,0,1,Academic_Focused
S0554,32,5,6.7,5.6,1,1,0,0,1,0,0,Academic_Focused
S0555,10,5,5.8,10.6,1,1,0,1,0,0,0,Screen_Heavy
S0556,23,5,7.2,4.8,0,0,0,0,1,0,0,Academic_Focused
S0557,14,0,8.0,5.8,1,0,0,0,1,0,0,Balanced
S0558,15,7,7.9,1.6,1,1,0,0,0,1,0,Balanced
S0559,21,10,7.4,4.0,1,0,0,0,0,1,0,Sport_Focused
S0560,12,8,7.9,5.7,1,1,0,0,0,0,1,Sport_Focused
S0561,12,12,7.3,4.5,1,0,0,0,1,0,0,Sport_Focused
S0562,19,4,7.9,5.9,1,1,0,0,1,0,0,Balanced
S0563,18,7,6.9,5.0,1,1,0,0,1,0,0,Balanced
S0564,17,5,7.2,2.4,1,1,0,0,0,1,0,Balanced
S0565,20,3,6.7,1.8,0,1,0,0,1,0,0,Academic_Focused
S0566,26,0,7.6,8.1,1,1,0,0,0,0,1,Academic_Focused
S0567,34,3,5.9,5.9,1,1,0,0,1,0,0,Academic_Focused
S0568,24,1,7.8,4.6,1,1,0,0,1,0,0,Academic_Focused
S0569,4,3,6.9,7.3,0,1,1,0,0,0,0,Screen_Heavy
S0570,18,2,7.6,4.4,1,1,1,0,0,0,0,Balanced
S0571,27,6,7.1,3.7,0,0,0,0,1,0,0,Academic_Focused
S0572,15,10,8.5,3.7,0,0,0,0,0,0,1,Sport_Focused
S0573,28,4,6.7,8.2,1,1,0,0,0,0,1,Academic_Focused
S0574,15,10,7.4,2.8,1,0,0,0,1,0,0,Sport_Focused
S0575,11,6,7.4,6.2,0,0,0,1,0,0,0,Screen_Heavy
S0576,0,2,7.8,10.8,0,0,0,1,0,0,0,Screen_Heavy
S0577,16,7,7.2,6.7,0,1,0,0,0,0,1,Balanced
S0578,3,1,6.4,4.0,1,1,1,0,0,0,0,Screen_Heavy
S0579,26,3,7.2,3.1,0,1,0,0,0,0,1,Academic_Focused
S0580,17,2,8.0,3.6,0,0,0,0,0,0,1,Balanced
S0581,25,0,8.1,3.3,0,0,0,0,1,0,0,Academic_Focused
S0582,9,2,6.5,7.5,1,0,0,0,0,1,0,Screen_Heavy
S0583,27,2,8.6,7.0,0,0,0,0,1,0,0,Academic_Focused
S0584,20,4,6.9,4.5,0,0,0,0,0,0,1,Balanced
S0585,15,7,8.0,4.3,1,1,0,0,0,0,1,Sport_Focused
S0586,15,1,6.7,7.4,1,0,0,0,1,0,0,Balanced
S0587,12,4,7.8,3.4,1,1,0,0,0,1,0,Balanced
S0588,18,4,8.1,4.8,0,1,0,0,0,0,1,Balanced
S0589,22,5,7.2,4.6,0,1,0,0,1,0,0,Balanced
S0590,23,5,7.5,5.9,0,1,1,0,0,0,0,Balanced
S0591,13,5,6.1,4.7,0,1,0,0,0,0,1,Balanced
S0592,21,6,7.4,3.2,1,1,0,0,0,1,0,Sport_Focused
S0593,24,4,6.9,5.4,1,1,0,0,1,0,0,Balanced
S0594,16,5,7.2,4.1,1,1,0,0,0,0,1,Balanced
S0595,5,2,7.5,8.1,1,1,0,1,0,0,0,Screen_Heavy
S0596,31,5,7.2,7.0,1,0,0,0,0,0,1,Academic_Focused
S0597,16,7,7.8,2.3,1,1,0,0,0,1,0,Sport_Focused
S0598,13,4,7.1,5.7,1,0,0,0,1,0,0,Balanced
S0599,22,8,7.6,3.7,1,1,0,0,1,0,0,Balanced
S0600,21,3,7.5,8.0,0,1,0,0,0,0,1,Balanced
S0601,20,4,7.5,4.9,1,1,0,0,0,1,0,Balanced
S0602,21,6,6.8,6.6,0,1,0,0,1,0,0,Balanced
S0603,13,4,7.7,3.2,1,1,0,0,0,0,1,Balanced
S0604,22,3,7.3,6.1,1,1,0,0,1,0,0,Balanced
S0605,14,8,7.0,1.3,1,1,1,0,0,0,0,Balanced
S0606,26,4,6.6,2.9,0,1,0,0,1,0,0,Academic_Focused
S0607,17,8,7.8,5.7,1,1,0,0,1,0,0,Balanced
S0608,15,6,7.5,1.0,0,1,0,1,0,0,0,Academic_Focused
S0609,22,1,5.4,3.3,1,1,0,1,0,0,0,Academic_Focused
S0610,17,10,6.6,5.1,1,1,0,0,0,1,0,Sport_Focused
S0611,18,0,7.4,6.6,1,1,0,0,0,0,1,Balanced
S0612,11,10,7.6,3.8,0,0,0,0,0,1,0,Sport_Focused
S0613,11,9,7.0,2.5,1,0,0,0,1,0,0,Sport_Focused
S0614,19,0,7.1,6.0,1,1,0,0,1,0,0,Balanced
S0615,11,1,6.0,9.7,0,1,0,1,0,0,0,Screen_Heavy
S0616,22,2,5.8,10.6,0,1,1,0,0,0,0,Screen_Heavy
S0617,17,5,7.3,4.4,1,1,0,1,0,0,0,Balanced
S0618,20,4,7.2,6.3,1,0,0,0,1,0,0,Balanced
S0619,7,3,6.9,9.7,1,1,0,0,0,1,0,Screen_Heavy
S0620,12,12,7.5,1.4,0,1,0,0,1,0,0,Sport_Focused
S0621,19,4,8.1,5.0,0,1,0,0,1,0,0,Balanced
S0622,13,5,7.7,3.2,1,0,0,0,0,1,0,Balanced
S0623,31,1,7.8,6.0,1,0,0,0,1,0,0,Academic_Focused
S0624,21,7,7.1,4.3,1,1,0,0,1,0,0,Academic_Focused
S0625,17,7,7.8,3.1,0,0,0,0,0,1,0,Sport_Focused
S0626,27,6,7.4,3.3,0,1,0,1,0,0,0,Academic_Focused
S0627,22,4,6.4,6.6,1,1,0,0,0,0,1,Academic_Focused
S0628,16,6,7.5,2.6,0,0,0,0,0,1,0,Sport_Focused
S0629,22,5,6.8,4.1,1,1,0,0,1,0,0,Balanced
S0630,15,5,7.9,6.1,1,0,0,0,1,0,0,Balanced
S0631,16,8,7.9,4.2,1,1,0,0,0,0,1,Sport_Focused
S0632,13,3,7.7,7.1,1,0,0,1,0,0,0,Screen_Heavy
S0633,28,3,5.7,4.4,0,1,0,0,1,0,0,Academic_Focused
S0634,32,4,5.8,4.0,0,1,0,0,1,0,0,Academic_Focused
S0635,15,6,7.6,6.5,0,1,0,0,1,0,0,Balanced
S0636,20,1,6.1,6.7,1,0,0,0,1,0,0,Academic_Focused
S0637,30,3,6.9,3.3,0,0,0,0,1,0,0,Academic_Focused
S0638,19,5,7.9,5.1,0,1,0,0,0,1,0,Balanced
S0639,17,9,7.2,5.7,1,1,0,1,0,0,0,Balanced
S0640,28,3,7.4,1.8,0,0,0,0,1,0,0,Academic_Focused
S0641,17,1,6.8,5.5,1,1,1,0,0,0,0,Balanced
S0642,23,5,7.5,6.5,0,0,0,0,0,0,1,Balanced
S0643,18,5,7.0,5.3,0,1,0,1,0,0,0,Balanced
S0644,15,2,7.7,4.2,0,0,0,0,0,1,0,Balanced
S0645,21,3,8.3,6.1,1,1,0,0,0,1,0,Balanced
S0646,10,3,7.0,7.6,0,1,0,1,0,0,0,Screen_Heavy
S0647,33,1,6.5,2.3,1,1,0,0,1,0,0,Academic_Focused
S0648,18,9,7.4,2.1,1,0,0,0,0,0,1,Sport_Focused
S0649,16,10,6.7,1.2,0,0,0,0,1,0,0,Sport_Focused
S0650,24,4,6.4,4.3,0,0,0,0,1,0,0,Academic_Focused
S0651,17,3,8.5,6.3,1,1,0,0,1,0,0,Balanced
S0652,22,4,7.6,4.9,0,0,0,0,1,0,0,Academic_Focused
S0653,26,1,7.5,3.0,1,1,0,0,0,0,1,Academic_Focused
S0654,18,9,6.5,2.4,1,1,0,0,0,0,1,Sport_Focused
S0655,24,0,8.0,5.0,1,0,0,0,0,0,1,Academic_Focused
S0656,18,4,7.2,3.0,1,0,0,0,0,0,1,Balanced
S0657,16,2,7.0,2.5,1,1,0,0,1,0,0,Balanced
S0658,30,3,6.9,7.8,0,1,0,0,1,0,0,Academic_Focused
S0659,18,7,7.7,3.0,1,1,0,0,0,0,1,Sport_Focused
S0660,22,3,6.5,4.7,0,0,0,0,1,0,0,Academic_Focused
S0661,23,4,7.4,5.3,1,1,0,0,0,0,1,Academic_Focused
S0662,21,2,6.2,3.6,0,1,0,1,0,0,0,Screen_Heavy
S0663,11,7,8.3,4.7,1,1,0,0,0,1,0,Sport_Focused
S0664,16,5,7.5,6.5,0,1,0,0,0,0,1,Balanced
S0665,20,8,7.9,5.2,0,1,0,0,0,1,0,Balanced
S0666,18,7,8.0,6.4,1,1,0,0,0,1,0,Balanced
S0667,24,4,7.4,7.2,1,0,0,0,0,1,0,Balanced
S0668,23,9,7.6,5.6,1,1,0,1,0,0,0,Balanced
S0669,22,7,6.3,6.5,1,1,1,0,0,0,0,Balanced
S0670,17,7,6.8,5.9,0,0,0,0,0,0,1,Balanced
S0671,15,3,8.1,2.4,1,0,0,0,1,0,0,Balanced
S0672,11,0,6.1,10.2,1,0,1,0,0,0,0,Screen_Heavy
S0673,17,4,7.3,6.4,1,0,1,0,0,0,0,Balanced
S0674,28,4,6.8,1.0,0,0,0,0,0,0,1,Academic_Focused
S0675,26,4,6.6,6.5,0,0,0,0,1,0,0,Academic_Focused
S0676,9,0,7.0,7.7,1,0,0,1,0,0,0,Screen_Heavy
S0677,15,4,7.7,4.0,0,1,0,0,0,0,1,Balanced
S0678,31,7,6.8,1.0,1,1,0,0,1,0,0,Academic_Focused
S0679,14,4,6.4,10.2,0,0,1,0,0,0,0,Screen_Heavy
S0680,18,0,6.1,7.7,0,1,0,0,0,1,0,Screen_Heavy
S0681,13,3,4.9,8.0,0,1,0,0,0,1,0,Screen_Heavy
S0682,14,7,7.6,3.1,0,0,0,0,0,0,1,Balanced
S0683,18,5,7.3,4.2,0,0,0,0,1,0,0,Balanced
S0684,16,8,8.4,2.0,1,1,0,0,0,0,1,Sport_Focused
S0685,7,1,7.3,10.7,0,1,0,1,0,0,0,Screen_Heavy
S0686,24,4,7.2,1.0,1,0,0,1,0,0,0,Academic_Focused
S0687,27,1,6.0,1.0,0,1,0,0,0,0,1,Academic_Focused
S0688,9,4,7.2,4.8,1,1,0,1,0,0,0,Balanced
S0689,11,9,7.9,1.7,0,1,0,0,0,1,0,Sport_Focused
S0690,15,3,7.5,5.4,0,1,0,0,1,0,0,Balanced
S0691,17,7,6.8,4.1,1,1,0,0,1,0,0,Balanced
S0692,28,7,8.0,3.0,0,0,0,0,1,0,0,Academic_Focused
S0693,22,6,7.2,2.7,0,0,0,1,0,0,0,Academic_Focused
S0694,16,4,6.9,4.3,1,1,0,0,1,0,0,Balanced
S0695,12,5,8.3,4.7,1,1,0,0,0,1,0,Balanced
S0696,20,5,7.3,6.1,1,1,0,0,1,0,0,Sport_Focused
S0697,23,4,7.9,6.3,0,0,0,0,0,0,1,Balanced
S0698,30,4,6.1,6.8,0,1,0,0,0,0,1,Academic_Focused
S0699,19,4,8.5,5.2,1,1,0,1,0,0,0,Balanced
S0700,23,2,7.4,5.1,0,0,0,0,1,0,0,Academic_Focused
S0701,17,0,6.9,4.2,0,0,0,0,0,0,1,Academic_Focused
S0702,14,6,7.5,4.4,1,1,0,0,0,1,0,Balanced
S0703,14,1,5.5,6.8,0,0,0,0,0,0,1,Balanced
S0704,17,6,7.2,3.4,1,0,0,0,1,0,0,Balanced
S0705,18,7,7.9,7.1,1,1,0,0,0,1,0,Balanced
S0706,10,3,7.7,7.6,0,1,0,0,0,1,0,Screen_Heavy
S0707,27,4,7.6,6.7,0,0,1,0,0,0,0,Balanced
S0708,19,0,7.7,9.8,0,1,1,0,0,0,0,Screen_Heavy
S0709,18,4,8.0,7.4,1,1,0,0,0,0,1,Balanced
S0710,17,5,7.8,1.0,1,1,0,0,0,0,1,Sport_Focused
S0711,17,8,8.1,1.0,1,0,0,0,0,0,1,Sport_Focused
S0712,29,4,7.5,7.3,0,1,0,0,1,0,0,Academic_Focused
S0713,26,4,5.4,7.8,1,1,0,0,1,0,0,Academic_Focused
S0714,21,0,6.2,3.7,0,0,0,0,1,0,0,Academic_Focused
S0715,19,3,7.0,3.9,0,1,0,1,0,0,0,Balanced
S0716,0,2,6.0,5.9,0,0,0,0,0,1,0,Screen_Heavy
S0717,10,1,7.0,4.9,0,1,0,1,0,0,0,Screen_Heavy
S0718,12,2,7.6,9.6,0,1,0,0,0,1,0,Screen_Heavy
S0719,16,6,8.0,6.7,1,0,0,0,1,0,0,Balanced
S0720,14,7,7.8,3.7,1,1,0,0,0,0,1,Sport_Focused
S0721,11,3,6.7,12.0,1,1,0,0,0,1,0,Screen_Heavy
S0722,17,3,7.5,5.0,1,1,0,0,0,1,0,Balanced
S0723,20,4,7.4,3.3,0,1,0,0,0,1,0,Balanced
S0724,11,8,8.8,5.1,1,0,0,0,0,1,0,Sport_Focused
S0725,24,1,6.9,6.0,1,1,0,1,0,0,0,Academic_Focused
S0726,3,2,5.7,7.1,0,1,1,0,0,0,0,Screen_Heavy
S0727,26,5,6.1,6.0,0,1,0,0,0,1,0,Balanced
S0728,21,9,6.3,4.2,0,0,0,0,0,0,1,Sport_Focused
S0729,25,7,7.8,6.6,1,1,1,0,0,0,0,Balanced
S0730,15,5,6.9,7.7,0,1,0,0,0,0,1,Balanced
S0731,20,6,8.0,5.5,1,1,0,1,0,0,0,Balanced
S0732,6,1,6.4,9.2,1,0,0,1,0,0,0,Screen_Heavy
S0733,11,6,6.7,5.0,1,1,0,0,0,0,1,Sport_Focused
S0734,26,2,7.1,6.8,1,1,0,0,1,0,0,Academic_Focused
S0735,20,0,7.0,3.8,0,1,0,0,0,0,1,Academic_Focused
S0736,7,2,5.5,7.9,1,1,0,1,0,0,0,Screen_Heavy
S0737,24,5,8.6,4.4,0,0,0,0,1,0,0,Academic_Focused
S0738,14,3,6.0,10.2,1,1,0,1,0,0,0,Screen_Heavy
S0739,25,5,7.4,4.2,0,1,0,0,0,0,1,Academic_Focused
S0740,30,0,6.9,10.0,0,1,0,0,1,0,0,Academic_Focused
S0741,30,4,7.0,5.1,0,0,0,0,1,0,0,Academic_Focused
S0742,20,5,7.8,5.0,1,1,0,1,0,0,0,Balanced
S0743,22,9,7.2,2.4,0,1,0,0,0,1,0,Sport_Focused
S0744,22,2,7.2,7.7,1,1,0,0,1,0,0,Academic_Focused
S0745,11,7,6.5,6.2,0,1,0,0,0,1,0,Balanced
S0746,8,2,6.4,9.6,1,0,1,0,0,0,0,Screen_Heavy
S0747,30,5,6.2,5.3,0,0,0,0,0,0,1,Academic_Focused
S0748,28,4,7.3,3.5,0,0,0,1,0,0,0,Academic_Focused
S0749,16,4,7.0,5.7,1,1,1,0,0,0,0,Screen_Heavy
S0750,4,6,7.4,2.0,1,1,0,0,0,0,1,Sport_Focused
S0751,23,6,8.0,4.9,0,1,0,1,0,0,0,Balanced
S0752,8,3,5.6,6.7,1,1,1,0,0,0,0,Screen_Heavy
S0753,17,9,7.3,2.0,1,1,0,0,0,0,1,Sport_Focused
S0754,20,5,7.9,3.9,1,1,1,0,0,0,0,Balanced
S0755,17,3,7.3,5.0,0,1,0,0,0,0,1,Balanced
S0756,17,7,6.3,1.5,1,1,0,0,0,0,1,Sport_Focused
S0757,12,10,7.6,3.5,0,0,0,0,1,0,0,Sport_Focused
S0758,23,0,6.7,5.9,0,1,0,0,0,0,1,Academic_Focused
S0759,3,3,6.2,9.4,1,1,1,0,0,0,0,Screen_Heavy
S0760,11,4,7.6,6.2,1,1,0,0,0,1,0,Sport_Focused
S0761,22,5,7.8,4.5,0,1,1,0,0,0,0,Balanced
S0762,16,5,7.5,6.2,0,1,0,0,1,0,0,Balanced
S0763,26,7,8.3,5.0,1,1,1,0,0,0,0,Balanced
S0764,23,10,7.9,3.1,1,0,0,0,0,0,1,Sport_Focused
S0765,13,2,7.7,2.9,0,1,0,0,0,0,1,Balanced
S0766,25,2,6.1,3.2,1,1,0,0,1,0,0,Academic_Focused
S0767,15,13,6.3,4.0,1,1,0,0,0,0,1,Sport_Focused
S0768,14,2,5.9,8.7,1,1,0,1,0,0,0,Screen_Heavy
S0769,17,5,7.5,5.5,1,1,0,0,0,1,0,Balanced
S0770,15,3,6.7,5.7,1,0,1,0,0,0,0,Screen_Heavy
S0771,13,4,7.8,3.5,0,0,0,0,0,0,1,Balanced
S0772,4,1,4.7,6.4,0,0,0,0,0,1,0,Screen_Heavy
S0773,20,2,8.0,4.2,1,1,0,0,0,0,1,Balanced
S0774,29,4,7.7,4.6,0,1,0,0,1,0,0,Academic_Focused
S0775,23,9,8.4,4.4,1,1,0,0,1,0,0,Sport_Focused
S0776,16,5,8.5,1.9,0,1,1,0,0,0,0,Balanced
S0777,21,3,7.4,7.3,0,0,1,0,0,0,0,Balanced
S0778,16,10,7.0,2.5,1,1,0,0,0,0,1,Sport_Focused
S0779,15,10,7.2,6.0,1,1,0,0,1,0,0,Sport_Focused
S0780,26,8,7.0,1.4,1,1,0,0,0,0,1,Sport_Focused
S0781,15,7,7.9,2.9,1,1,0,0,1,0,0,Sport_Focused
S0782,21,3,7.9,2.1,0,0,0,0,1,0,0,Academic_Focused
S0783,15,6,7.2,3.7,1,1,0,0,0,0,1,Balanced
S0784,23,1,7.5,5.9,1,0,0,0,0,0,1,Balanced
S0785,20,5,6.9,6.6,0,0,0,1,0,0,0,Balanced
S0786,10,0,5.2,7.5,1,0,1,0,0,0,0,Screen_Heavy
S0787,23,6,5.4,4.6,0,0,0,0,0,0,1,Academic_Focused
S0788,23,1,5.6,3.3,1,1,0,0,0,0,1,Academic_Focused
S0789,20,7,7.0,2.4,0,1,0,0,0,0,1,Academic_Focused
S0790,15,0,6.0,10.1,1,1,0,0,0,1,0,Screen_Heavy
S0791,16,6,7.6,5.1,0,1,0,0,0,1,0,Balanced
S0792,29,7,8.2,1.7,1,1,0,0,0,0,1,Academic_Focused
S0793,26,4,8.2,5.5,1,1,0,1,0,0,0,Academic_Focused
S0794,10,10,8.3,4.1,0,0,0,0,1,0,0,Sport_Focused
S0795,28,7,6.8,7.8,1,0,0,0,1,0,0,Balanced
S0796,12,0,6.9,10.2,0,1,0,1,0,0,0,Screen_Heavy
S0797,11,0,5.6,6.7,1,1,1,0,0,0,0,Screen_Heavy
S0798,23,2,6.7,3.9,0,1,0,0,0,0,1,Academic_Focused
S0799,18,8,7.2,2.9,1,0,0,0,0,0,1,Sport_Focused
S0800,7,0,8.5,5.2,1,0,0,0,0,1,0,Screen_Heavy
S0801,10,8,5.9,3.8,1,1,0,0,0,1,0,Sport_Focused
S0802,13,4,7.8,5.3,1,0,0,1,0,0,0,Balanced
S0803,24,2,7.6,4.2,1,1,0,1,0,0,0,Academic_Focused
S0804,8,8,8.0,3.2,0,1,0,0,0,0,1,Sport_Focused
S0805,25,5,6.5,6.7,1,1,0,0,1,0,0,Academic_Focused
S0806,20,6,8.1,5.1,0,1,0,0,1,0,0,Sport_Focused
S0807,7,1,6.6,7.2,1,1,0,1,0,0,0,Screen_Heavy
S0808,7,1,6.1,8.7,0,1,1,0,0,0,0,Screen_Heavy
S0809,21,1,6.7,2.5,0,1,0,0,1,0,0,Academic_Focused
S0810,14,7,7.7,2.3,1,0,1,0,0,0,0,Balanced
S0811,8,2,6.9,9.4,0,1,1,0,0,0,0,Screen_Heavy
S0812,22,3,8.4,10.8,0,0,0,0,0,1,0,Screen_Heavy
S0813,18,2,7.5,6.8,1,1,0,0,0,1,0,Balanced
S0814,9,3,5.8,5.4,0,1,0,0,0,1,0,Screen_Heavy
S0815,16,2,6.4,8.9,0,0,0,1,0,0,0,Screen_Heavy
S0816,22,3,6.2,1.0,0,1,0,1,0,0,0,Academic_Focused
S0817,22,4,8.2,5.5,0,1,0,0,1,0,0,Academic_Focused
S0818,19,2,7.7,4.5,1,1,0,0,1,0,0,Academic_Focused
S0819,21,4,8.1,3.4,0,0,0,0,1,0,0,Balanced
S0820,19,9,7.3,6.8,1,0,1,0,0,0,0,Balanced
S0821,13,0,8.1,6.2,1,1,0,0,0,1,0,Screen_Heavy
S0822,26,7,7.2,5.2,0,1,0,1,0,0,0,Balanced
S0823,25,6,7.6,3.9,0,1,0,0,1,0,0,Balanced
S0824,15,4,7.3,3.3,1,1,0,0,1,0,0,Academic_Focused
S0825,24,3,6.4,4.4,1,1,0,0,0,0,1,Academic_Focused
S0826,11,3,6.1,8.8,1,1,0,0,0,1,0,Screen_Heavy
S0827,22,9,7.4,4.7,1,1,1,0,0,0,0,Balanced
S0828,14,3,7.0,6.1,0,0,0,0,0,0,1,Balanced
S0829,15,8,6.9,3.8,0,1,0,0,0,0,1,Sport_Focused
S0830,17,1,7.1,2.9,1,1,0,1,0,0,0,Academic_Focused
S0831,15,9,6.4,1.7,0,0,0,0,1,0,0,Balanced
S0832,16,3,8.3,3.3,1,0,0,1,0,0,0,Academic_Focused
S0833,16,4,7.3,4.1,1,1,0,0,0,0,1,Balanced
S0834,19,0,6.7,6.4,1,1,0,0,0,1,0,Balanced
S0835,20,4,7.0,2.4,1,0,0,0,0,0,1,Academic_Focused
S0836,28,3,7.1,3.0,0,1,0,0,1,0,0,Academic_Focused
S0837,8,3,7.1,5.4,1,1,0,1,0,0,0,Screen_Heavy
S0838,21,0,7.3,3.9,1,0,0,0,1,0,0,Academic_Focused
S0839,23,2,8.1,6.0,1,1,0,0,0,0,1,Academic_Focused
S0840,19,7,6.6,1.0,0,0,0,0,1,0,0,Sport_Focused
S0841,13,3,6.7,6.3,0,0,0,0,0,0,1,Balanced
S0842,16,7,6.1,4.5,1,1,0,0,0,0,1,Sport_Focused
S0843,17,7,7.4,4.2,0,1,0,0,0,0,1,Balanced
S0844,7,1,5.6,8.3,0,1,0,1,0,0,0,Screen_Heavy
S0845,11,3,7.5,7.2,1,1,0,0,0,0,1,Balanced
S0846,16,3,6.6,1.1,0,1,0,0,1,0,0,Academic_Focused
S0847,23,6,7.5,7.0,1,1,0,0,0,0,1,Balanced
S0848,5,0,5.7,10.0,0,1,0,1,0,0,0,Screen_Heavy
S0849,28,3,7.8,1.0,0,0,0,1,0,0,0,Academic_Focused
S0850,20,5,6.8,4.9,0,0,0,1,0,0,0,Academic_Focused
S0851,16,6,7.1,5.4,0,1,0,0,0,0,1,Balanced
S0852,10,9,7.0,2.7,1,1,0,0,0,0,1,Sport_Focused
S0853,22,6,6.5,5.6,1,1,0,1,0,0,0,Balanced
S0854,10,1,5.0,10.7,0,1,1,0,0,0,0,Screen_Heavy
S0855,11,1,7.5,3.3,1,1,0,1,0,0,0,Balanced
S0856,19,8,6.4,4.4,1,1,0,1,0,0,0,Balanced
S0857,13,7,7.1,6.0,1,1,0,1,0,0,0,Balanced
S0858,27,4,7.5,2.2,1,1,0,1,0,0,0,Academic_Focused
S0859,17,2,6.1,4.5,1,1,0,1,0,0,0,Academic_Focused
S0860,12,5,7.0,4.2,0,1,0,1,0,0,0,Balanced
S0861,12,10,7.2,2.0,1,1,0,0,1,0,0,Sport_Focused
S0862,28,2,7.6,3.0,0,1,0,0,1,0,0,Academic_Focused
S0863,31,2,6.1,1.0,0,1,0,0,0,0,1,Academic_Focused
S0864,30,6,6.1,6.5,0,1,0,0,0,0,1,Academic_Focused
S0865,27,3,7.9,5.7,0,0,0,0,1,0,0,Academic_Focused
S0866,24,0,6.6,5.6,0,1,0,0,1,0,0,Academic_Focused
S0867,14,5,7.1,4.9,0,1,0,0,0,0,1,Balanced
S0868,16,5,7.6,2.5,1,0,0,0,0,0,1,Balanced
S0869,7,1,7.1,6.6,1,1,0,0,0,1,0,Screen_Heavy
S0870,6,1,6.3,8.1,0,1,0,1,0,0,0,Screen_Heavy
S0871,28,2,5.8,4.0,0,1,0,0,0,0,1,Academic_Focused
S0872,19,7,6.5,3.1,1,1,0,0,0,0,1,Balanced
S0873,18,6,7.7,3.9,1,1,0,0,0,1,0,Sport_Focused
S0874,29,2,7.8,1.0,0,1,0,0,0,0,1,Academic_Focused
S0875,22,5,7.0,4.9,1,1,0,0,0,1,0,Balanced
S0876,26,6,6.7,6.8,1,1,0,0,0,1,0,Balanced
S0877,18,11,7.2,2.4,1,0,0,0,1,0,0,Sport_Focused
S0878,20,9,7.8,3.6,0,1,0,0,0,0,1,Sport_Focused
S0879,19,2,7.1,4.1,0,0,0,0,0,0,1,Balanced
S0880,18,6,7.8,4.5,1,1,0,0,0,1,0,Balanced
S0881,21,5,8.2,4.5,1,1,1,0,0,0,0,Balanced
S0882,11,12,6.5,2.8,1,1,0,0,0,1,0,Sport_Focused
S0883,18,3,7.4,4.5,1,1,1,0,0,0,0,Balanced
S0884,21,6,6.7,6.5,1,1,0,0,0,1,0,Balanced
S0885,18,8,6.2,4.2,1,0,0,0,0,1,0,Sport_Focused
S0886,20,6,7.8,5.6,1,1,1,0,0,0,0,Balanced
S0887,13,9,6.7,3.1,0,1,0,0,1,0,0,Sport_Focused
S0888,23,2,7.9,4.6,0,1,0,1,0,0,0,Balanced
S0889,13,7,7.6,3.8,1,1,0,0,1,0,0,Balanced
S0890,17,6,7.2,3.1,1,0,1,0,0,0,0,Balanced
S0891,14,9,7.4,4.3,0,1,0,0,0,0,1,Sport_Focused
S0892,8,2,5.5,11.7,1,1,1,0,0,0,0,Screen_Heavy
S0893,9,2,7.0,4.7,1,0,0,1,0,0,0,Screen_Heavy
S0894,27,3,7.7,2.5,0,1,0,1,0,0,0,Academic_Focused
S0895,19,5,6.9,3.4,1,0,0,0,0,0,1,Sport_Focused
S0896,19,6,8.1,1.0,1,0,1,0,0,0,0,Balanced
S0897,10,6,6.6,5.7,0,0,0,0,0,1,0,Balanced
S0898,14,2,5.4,10.0,1,1,0,0,0,1,0,Screen_Heavy
S0899,23,9,7.5,8.2,1,1,0,0,1,0,0,Balanced
S0900,16,4,8.1,4.4,1,0,1,0,0,0,0,Balanced
S0901,15,4,7.5,5.5,1,1,0,0,0,1,0,Balanced
S0902,20,1,8.2,7.2,1,1,0,0,1,0,0,Balanced
S0903,13,6,8.2,6.2,1,1,0,1,0,0,0,Balanced
S0904,27,2,6.7,4.4,0,1,0,1,0,0,0,Academic_Focused
S0905,27,0,6.6,3.9,1,1,0,0,1,0,0,Academic_Focused
S0906,8,2,7.1,7.9,0,0,0,1,0,0,0,Screen_Heavy
S0907,15,2,7.2,7.5,1,0,0,1,0,0,0,Screen_Heavy
S0908,12,4,7.7,4.7,1,0,0,0,1,0,0,Balanced
S0909,20,0,7.5,4.8,1,1,0,0,1,0,0,Balanced
S0910,15,1,7.1,6.2,0,1,0,0,0,0,1,Academic_Focused
S0911,29,0,7.3,3.4,1,1,0,0,1,0,0,Academic_Focused
S0912,13,4,7.5,4.4,0,0,0,0,0,0,1,Balanced
S0913,19,10,7.1,2.4,1,1,0,0,1,0,0,Sport_Focused
S0914,23,2,6.6,4.9,0,1,0,0,1,0,0,Academic_Focused
S0915,26,1,7.1,4.3,1,1,0,0,0,0,1,Academic_Focused
S0916,30,5,7.0,3.3,0,1,0,0,0,0,1,Academic_Focused
S0917,10,5,7.5,6.7,1,1,1,0,0,0,0,Balanced
S0918,8,3,5.3,8.5,1,0,1,0,0,0,0,Screen_Heavy
S0919,17,7,6.9,4.8,1,1,0,0,0,0,1,Sport_Focused
S0920,18,10,8.2,6.7,0,1,0,0,1,0,0,Balanced
S0921,9,1,6.8,10.4,0,1,0,0,0,1,0,Screen_Heavy
S0922,23,3,7.9,4.9,0,0,0,0,0,0,1,Academic_Focused
S0923,7,3,6.6,8.6,0,1,0,1,0,0,0,Screen_Heavy
S0924,19,7,7.6,5.7,1,0,0,0,0,0,1,Sport_Focused
S0925,22,0,7.1,3.2,1,1,0,0,1,0,0,Academic_Focused
S0926,11,4,7.9,4.8,1,0,0,0,0,0,1,Balanced
S0927,23,4,7.2,2.7,0,0,0,0,0,0,1,Balanced
S0928,27,0,7.6,1.0,1,1,0,0,1,0,0,Academic_Focused
S0929,12,10,8.4,2.6,1,0,0,0,0,1,0,Sport_Focused
S0930,17,6,7.5,4.6,1,0,1,0,0,0,0,Balanced
S0931,10,4,8.4,6.8,0,1,1,0,0,0,0,Balanced
S0932,8,4,6.0,4.1,1,1,0,1,0,0,0,Screen_Heavy
S0933,10,3,6.3,7.6,0,1,1,0,0,0,0,Screen_Heavy
S0934,27,5,5.7,2.4,0,1,0,0,1,0,0,Academic_Focused
S0935,12,6,8.3,5.0,1,0,0,0,0,1,0,Balanced
S0936,27,5,5.2,6.9,0,1,0,0,1,0,0,Balanced
S0937,13,8,7.7,6.9,0,0,0,1,0,0,0,Balanced
S0938,7,3,6.7,7.7,0,1,0,0,0,1,0,Screen_Heavy
S0939,13,6,8.8,3.3,0,1,0,0,0,1,0,Balanced
S0940,24,3,7.2,2.7,0,1,0,0,1,0,0,Academic_Focused
S0941,6,5,8.3,3.4,0,1,0,1,0,0,0,Balanced
S0942,22,6,6.8,8.0,0,0,0,1,0,0,0,Academic_Focused
S0943,8,7,7.4,3.4,1,0,0,0,1,0,0,Sport_Focused
S0944,6,0,7.4,6.9,0,0,1,0,0,0,0,Screen_Heavy
S0945,20,4,6.4,4.2,1,0,1,0,0,0,0,Balanced
S0946,15,7,7.0,4.8,0,0,0,0,1,0,0,Balanced
S0947,12,7,7.2,4.4,1,1,0,1,0,0,0,Balanced
S0948,7,4,6.2,10.7,0,1,1,0,0,0,0,Screen_Heavy
S0949,11,0,6.0,4.2,1,1,1,0,0,0,0,Screen_Heavy
S0950,29,5,8.4,4.8,0,0,0,1,0,0,0,Academic_Focused
S0951,12,8,8.0,4.7,1,1,0,0,0,1,0,Sport_Focused
S0952,12,7,7.0,7.5,1,0,0,0,0,0,1,Sport_Focused
S0953,17,7,7.0,4.3,1,1,1,0,0,0,0,Balanced
S0954,9,1,5.0,9.6,1,1,0,1,0,0,0,Screen_Heavy
S0955,25,3,5.4,5.8,1,1,0,0,1,0,0,Academic_Focused
S0956,23,2,6.7,1.0,0,1,0,0,0,0,1,Academic_Focused
S0957,28,2,6.1,3.8,1,1,0,0,1,0,0,Academic_Focused
S0958,26,8,7.5,8.4,0,1,0,0,0,1,0,Balanced
S0959,18,3,7.2,4.1,0,1,0,0,1,0,0,Balanced
S0960,19,9,7.8,4.1,0,1,0,0,1,0,0,Sport_Focused
S0961,19,0,7.4,4.7,1,1,1,0,0,0,0,Balanced
S0962,15,7,8.2,2.0,1,1,0,0,0,0,1,Sport_Focused
S0963,11,3,8.0,5.7,1,0,0,0,1,0,0,Balanced
S0964,27,0,7.0,5.9,1,0,0,1,0,0,0,Academic_Focused
S0965,20,5,7.7,5.5,1,1,1,0,0,0,0,Balanced
S0966,16,6,6.2,9.1,0,1,0,0,1,0,0,Academic_Focused
S0967,18,6,7.1,2.6,1,0,0,0,0,0,1,Sport_Focused
S0968,13,6,7.4,2.3,1,0,0,1,0,0,0,Balanced
S0969,24,1,7.4,3.1,0,1,0,0,1,0,0,Academic_Focused
S0970,28,2,6.9,3.8,0,0,0,0,1,0,0,Academic_Focused
S0971,16,7,8.2,2.3,0,1,0,0,0,0,1,Sport_Focused
S0972,10,3,6.9,7.7,1,1,0,1,0,0,0,Screen_Heavy
S0973,14,9,7.6,6.1,1,1,0,0,0,1,0,Sport_Focused
S0974,19,4,7.5,6.7,1,1,0,1,0,0,0,Balanced
S0975,16,5,7.4,5.2,1,1,0,1,0,0,0,Balanced
S0976,11,5,6.9,6.8,0,1,1,0,0,0,0,Balanced
S0977,27,2,7.9,2.1,0,1,0,0,1,0,0,Academic_Focused
S0978,20,7,6.4,6.6,1,1,0,0,0,0,1,Balanced
S0979,24,4,7.7,5.2,0,1,0,0,1,0,0,Academic_Focused
S0980,17,3,8.0,1.7,1,0,0,0,0,0,1,Academic_Focused
S0981,7,6,8.4,3.7,1,1,0,0,1,0,0,Balanced
S0982,20,7,7.3,2.4,1,0,0,0,0,1,0,Sport_Focused
S0983,17,4,8.3,4.1,0,1,0,0,0,0,1,Balanced
S0984,15,3,7.6,5.7,0,1,0,0,0,1,0,Balanced
S0985,14,6,7.6,6.7,1,0,0,0,0,0,1,Sport_Focused
S0986,25,4,5.6,6.6,1,0,0,0,0,0,1,Academic_Focused
S0987,26,10,8.2,5.3,0,0,0,0,0,1,0,Sport_Focused
S0988,25,1,6.6,3.4,0,1,0,0,0,0,1,Academic_Focused
S0989,14,5,7.1,7.8,1,1,0,0,1,0,0,Balanced
S0990,10,4,5.8,9.7,1,1,0,0,0,1,0,Screen_Heavy
S0991,22,4,6.7,2.8,0,1,0,0,1,0,0,Sport_Focused
S0992,11,10,7.8,2.1,1,1,0,0,0,1,0,Sport_Focused
S0993,14,5,7.8,8.0,0,1,1,0,0,0,0,Balanced
S0994,15,1,6.7,5.2,0,0,0,0,1,0,0,Academic_Focused
S0995,25,1,6.0,5.5,0,1,0,0,0,0,1,Academic_Focused
S0996,15,6,7.3,6.8,0,1,0,1,0,0,0,Balanced
S0997,13,1,5.4,7.4,1,1,0,0,0,1,0,Screen_Heavy
S0998,24,7,6.8,3.2,0,1,0,0,1,0,0,Balanced
S0999,5,1,5.4,8.4,0,1,0,1,0,0,0,Screen_Heavy
S1000,30,2,6.3,7.3,0,1,0,0,0,0,1,Academic_Focused
